s_P_0,determinant0,s_P_1,determinant1
4.882777404940156e-17,-1.7794714964571026,1.5188995939964442e-14,-1.7794714964571026
4.118378497251302e-15,-1.7134881177457708,2.922665590173819e-14,-1.7134881177457708
3.6285004627710865e-14,-1.6518759535293608,2.3319075528922363e-13,-1.6518759535293608
4.1020031505773486e-14,-1.5942066358976006,2.402731860197243e-13,-1.5942066358976006
2.7382698483306324e-14,-1.5401000186404397,1.510577431876659e-13,-1.5401000186404397
2.1294478975748668e-15,-1.4892263633363405,8.230667040179254e-15,-1.4892263633363405
2.6498628974079028e-15,-1.441296415993614,1.0588088221422438e-14,-1.441296415993614
1.8409954505276933e-14,-1.3960527482726701,1.447804970066951e-13,-1.3960527482726701
3.228489912478317e-16,-1.3532663720025377,2.4637353372275477e-17,-1.3532663720025377
7.612037293329381e-16,-1.3127353880210428,1.8647274385464802e-14,-1.3127353880210428
1.0444829201909503e-14,-1.2742787354421956,6.028553649955086e-14,-1.2742787354421956
6.98776798229513e-15,-1.2377331799297615,3.563373149985294e-14,-1.2377331799297615
5.486392386021881e-17,-1.202953038920197,1.2963916109806009e-17,-1.202953038920197
1.689283588956299e-14,-1.1698073163345253,1.0646747175956532e-13,-1.1698073163345253
1.0233755747125309e-14,-1.1381773855325445,7.149775879280406e-14,-1.1381773855325445
1.5874144575716846e-14,-1.1079557112773464,9.367635509719818e-14,-1.1079557112773464
8.065121008706518e-14,-1.0790441096154655,5.968605142253751e-13,-1.0790441096154655
1.1167142757779475e-14,-1.0513539492754354,7.279976883339872e-14,-1.0513539492754354
3.9683074547435373e-14,-1.0248045162464712,2.659878108547574e-13,-1.0248045162464712
3.009679470314717e-15,-0.9993212101500032,3.488977675281626e-14,-0.9993212101500032
8.076863606916229e-17,-0.9748368880419271,2.4940866479401206e-15,-0.9748368880419271
1.1145789910714955e-16,-0.9512891888045528,3.255678267003751e-15,-0.9512891888045528
9.87286969472754e-15,-0.9286205807518474,7.561235703336353e-14,-0.9286205807518474
1.3450605866702349e-14,-0.9067786971920238,8.277511904381081e-14,-0.9067786971920238
1.1049335370219997e-13,-0.8857149955360175,8.386367398384775e-13,-0.8857149955360175
2.6353531964730935e-17,-0.8653847733605956,5.971610643927517e-18,-0.8653847733605956
1.8441604032921197e-14,-0.8457460964033702,1.1608944854556102e-13,-0.8457460964033702
5.836094466258018e-19,-0.8267609079573255,2.000534610627079e-15,-0.8267609079573255
6.803494925704641e-14,-0.8083934722170798,5.80416117390758e-13,-0.8083934722170798
5.599851442769578e-15,-0.7906103524005216,5.058023180455321e-14,-0.7906103524005216
6.567673321868655e-15,-0.7733809397652924,6.426916503138301e-14,-0.7733809397652924
3.6791753330470885e-16,-0.7566764477613902,8.577367508771214e-15,-0.7566764477613902
2.1241154384274574e-15,-0.7404699042249276,2.1399310962075755e-14,-0.7404699042249276
5.1453734082792385e-14,-0.7247365099832185,4.4338791427564724e-13,-0.7247365099832185
6.966721238325552e-14,-0.709452665448751,6.129745004278468e-13,-0.709452665448751
6.588662883016863e-15,-0.6945964953882356,6.13797636577008e-14,-0.6945964953882356
2.371384843137513e-14,-0.6801474473755889,2.1256356897007454e-13,-0.6801474473755889
8.909561430149192e-16,-0.6660862910906754,3.546930018715656e-15,-0.6660862910906754
5.749718373509235e-15,-0.652394783833237,4.553410111282656e-14,-0.652394783833237
8.039403109479038e-14,-0.6390560159988014,6.872237143306739e-13,-0.6390560159988014
2.189945569279018e-14,-0.6260538758621403,1.9640372113146253e-13,-0.6260538758621403
6.963012544967071e-15,-0.6133733876954968,5.4187844346032123e-14,-0.6133733876954968
1.0321175688436681e-13,-0.6010002230595625,8.97476454667778e-13,-0.6010002230595625
9.741198622281231e-15,-0.5889209372814439,9.682258290153845e-14,-0.5889209372814439
2.8328540875404638e-14,-0.5771229818998742,2.6127625956875245e-13,-0.5771229818998742
8.390140111187166e-15,-0.5655942740193585,6.395585926378158e-14,-0.5655942740193585
2.008640630385953e-14,-0.5543234257906288,1.8349439576083244e-13,-0.5543234257906288
6.485789849004608e-16,-0.5432997691936466,6.656495424291312e-15,-0.5432997691936466
4.237313491816703e-14,-0.5325131321828454,3.8164984353988285e-13,-0.5325131321828454
3.054647196683315e-14,-0.5219538029518049,2.5417488664616403e-13,-0.5219538029518049
5.927601850803871e-14,-0.5116127270503612,5.344882206349852e-13,-0.5116127270503612
3.295983498468212e-14,-0.5014811132319742,3.0160694336004156e-13,-0.5014811132319742
1.253682976324298e-16,-0.4915507136141097,1.416275231977367e-15,-0.4915507136141097
1.497622783165785e-14,-0.481813671294394,1.3221009328653882e-13,-0.481813671294394
5.925390251207408e-15,-0.472262491650447,5.1938523648701096e-14,-0.472262491650447
7.734541792361721e-14,-0.4628900843458701,6.836784098257232e-13,-0.4628900843458701
5.469714952966839e-15,-0.45368959860061536,4.9663576908415905e-14,-0.45368959860061536
1.2612934499492341e-14,-0.4446546048717658,1.0873672017083116e-13,-0.4446546048717658
1.7099091516855415e-14,-0.43577886931133536,1.5132030052507284e-13,-0.43577886931133536
1.3157079597326373e-14,-0.42705653085013784,1.219444032761176e-13,-0.42705653085013784
6.363292919008766e-14,-0.41848194932966015,5.692216572353131e-13,-0.41848194932966015
2.9627369089934695e-16,-0.41004969116373036,2.3991326761739326e-15,-0.41004969116373036
6.529615938071668e-14,-0.4017546342989777,5.861187362394846e-13,-0.4017546342989777
7.649145373849813e-14,-0.3935918143550832,6.890799590988932e-13,-0.3935918143550832
8.901421412794062e-15,-0.38555651503004196,7.819638024404329e-14,-0.38555651503004196
2.3366453202448e-14,-0.3776441805126486,2.1043808501203622e-13,-0.3776441805126486
4.327711299447717e-14,-0.3698504811008253,3.882121909688759e-13,-0.3698504811008253
1.2527078739527837e-14,-0.3621712433474767,1.1277846986846552e-13,-0.3621712433474767
1.1247747003990887e-13,-0.354602453408496,1.0112435005278243e-12,-0.354602453408496
6.4195809852215404e-15,-0.347140269617031,5.786842386844236e-14,-0.347140269617031
1.0180603414403017e-13,-0.33978099158257197,9.163105944088763e-13,-0.33978099158257197
9.836036644194898e-15,-0.3325210632941157,8.842051694550537e-14,-0.3325210632941157
3.41058158971712e-14,-0.3253570634701641,3.073019423640297e-13,-0.3253570634701641
8.812158071998316e-14,-0.3182856958529807,7.926464346694551e-13,-0.3182856958529807
8.436592979324327e-14,-0.31130379557016025,7.582219545871385e-13,-0.31130379557016025
2.202836380596513e-14,-0.30440829559800714,1.9796902102726052e-13,-0.30440829559800714
1.2387362762073752e-13,-0.2975962517644658,1.1148460664430726e-12,-0.2975962517644658
9.684516580506893e-16,-0.29086482634401556,8.58395652532783e-15,-0.29086482634401556
2.5078316114496734e-17,-0.2842112585362637,2.2478190463975674e-16,-0.2842112585362637
1.3643458679195166e-14,-0.27763291087095093,1.2275378175808294e-13,-0.27763291087095093
1.0278584176817949e-13,-0.2711272280462396,9.242654876439824e-13,-0.2711272280462396
1.565518673007241e-13,-0.2646916987869403,1.4089656307262312e-12,-0.2646916987869403
9.334106245237214e-14,-0.2583239625037819,8.402213277097155e-13,-0.2583239625037819
2.2031146150990578e-14,-0.2520216814778036,1.9765152401363528e-13,-0.2520216814778036
5.4680599098364204e-17,-0.24578263554123322,4.622615913552603e-16,-0.24578263554123322
3.156783738051635e-14,-0.23960460956638785,2.844918369509085e-13,-0.23960460956638785
3.9704883704889504e-14,-0.23348551830393144,3.5877463554558e-13,-0.23348551830393144
1.798721702392372e-14,-0.22742331630417784,1.6096882045104384e-13,-0.22742331630417784
4.9765804097419964e-14,-0.2214160158939384,4.475275302092952e-13,-0.2214160158939384
1.9538888821378849e-13,-0.21546168374474503,1.757321375439115e-12,-0.21546168374474503
8.527452114426245e-14,-0.2095584376316125,7.559993162243304e-13,-0.2095584376316125
2.0685100795847428e-13,-0.20370450308700289,1.8523002732730063e-12,-0.20370450308700289
2.583842296131576e-13,-0.1978980499852818,2.3279525246578407e-12,-0.1978980499852818
1.1876521421944861e-14,-0.19213737029634487,1.1309791481473914e-13,-0.19213737029634487
3.296653156425447e-13,-0.18642081383874948,2.9969934434260113e-12,-0.18642081383874948
5.568394513043494e-14,-0.18074674665083454,4.904279560303247e-13,-0.18074674665083454
1.3324246989109771e-14,-0.1751135113998106,1.1128850019439282e-13,-0.1751135113998106
4.281339601757963e-14,-0.16951961671167834,3.62859496622759e-13,-0.16951961671167834
1.860605955952956e-13,-0.16396354208902178,1.65430327690248e-12,-0.16396354208902178
7.718184137755058e-14,-0.15844377548264066,7.137529563354822e-13,-0.15844377548264066
2.5697288986639674e-13,-0.15295888616191092,2.3456227174807988e-12,-0.15295888616191092
1.0498288065028619e-13,-0.14750744739335123,9.820756912938634e-13,-0.14750744739335123
5.58628064486389e-14,-0.1420881085158066,5.207948647005467e-13,-0.1420881085158066
5.114408545523905e-14,-0.13669944625906655,4.465856395945605e-13,-0.13669944625906655
2.0099563235392393e-13,-0.1313401827067954,1.7698223053392305e-12,-0.1313401827067954
2.0440679293929674e-13,-0.1260090004656304,1.8996039533351175e-12,-0.1260090004656304
2.4289855771902145e-13,-0.1207046499990866,2.2496999186838015e-12,-0.1207046499990866
6.995595495469813e-13,-0.11542580472219244,6.389810053131372e-12,-0.11542580472219244
7.977921233710428e-14,-0.11017130940872472,7.080998735425598e-13,-0.11017130940872472
2.3885790778060857e-13,-0.10493992869843018,2.308936570105147e-12,-0.10493992869843018
2.931026499841377e-13,-0.0997304181027654,2.644356486812758e-12,-0.0997304181027654
7.904337363466185e-13,-0.09454166259199483,7.00601811280078e-12,-0.09454166259199483
9.133015113846563e-14,-0.08937253392767527,7.109692466137024e-13,-0.08937253392767527
4.30366101264218e-13,-0.08422178625533205,3.979448857039595e-12,-0.08422178625533205
8.290679751565961e-13,-0.07908840189324706,7.518290418314256e-12,-0.07908840189324706
4.987646978823579e-13,-0.07397124274537664,4.661343947088147e-12,-0.07397124274537664
3.631738639031219e-14,-0.06886918835540558,3.8644407895125745e-13,-0.06886918835540558
1.0156199534137182e-13,-0.06378113455414479,1.0290897434750683e-12,-0.06378113455414479
1.3981616532878952e-12,-0.05870612832050135,1.1798707305742082e-11,-0.05870612832050135
7.24390023739747e-14,-0.05364295733461219,5.755686405631106e-13,-0.05364295733461219
2.202614263707144e-12,-0.0485906264672488,2.043741996856307e-11,-0.0485906264672488
5.5091404680296197e-14,-0.04354815133081959,5.208497685504748e-13,-0.04354815133081959
4.5857238494683246e-12,-0.038514422277497184,4.0170244973092766e-11,-0.038514422277497184
6.0719094048712515e-12,-0.03348847405584395,5.4274564696704576e-11,-0.03348847405584395
9.175643977979106e-12,-0.028469214432704844,8.514450333538586e-11,-0.028469214432704844
2.5930624419524934e-13,-0.02345569290916999,2.8234956845729234e-12,-0.02345569290916999
1.2777360500609784e-11,-0.018446897403478452,1.1452450696702612e-10,-0.018446897403478452
5.895020255906326e-13,-0.013441753584286417,6.789331995464474e-12,-0.013441753584286417
6.269504513859746e-11,-0.008439325220939426,5.167839215196588e-10,-0.008439325220939426
3.672657928863564e-14,0.6140264243201904,3.5148025750331694e-13,0.6140264243201904
1.2809134047654728e-15,0.6152820168780289,1.3320504160752043e-14,0.6152820168780289
1.6947628228972965e-14,0.6165406577854474,1.0342886351873976e-13,0.6165406577854474
2.02849197240057e-15,0.6178024671295262,6.129516633916183e-15,0.6178024671295262
4.1229167616974346e-14,0.6190674670214455,3.0652688534396805e-13,0.6190674670214455
6.727363392886146e-14,0.6203354803887031,6.240570251914038e-13,0.6203354803887031
1.1043607022286894e-14,0.6216067279231695,1.284183182842571e-13,0.6216067279231695
2.0185728432009287e-14,0.6228810317321853,1.3434606860482557e-13,0.6228810317321853
6.705037414935226e-15,0.6241586141482334,5.190290402111125e-14,0.6241586141482334
2.7351054439794468e-14,0.6254393973924175,2.1330422785058634e-13,0.6254393973924175
1.9523543972524152e-14,0.6267233026482928,2.089373557410855e-13,0.6267233026482928
2.5782555283717718e-14,0.6280105547535408,1.7073260196076786e-13,0.6280105547535408
3.005741136617313e-16,0.6293008718617406,4.3308644502602783e-16,0.6293008718617406
3.3395473166155755e-14,0.6305945817579837,2.868194516465159e-13,0.6305945817579837
1.9130054241694753e-14,0.6318915036444954,1.4694361899552595e-13,0.6318915036444954
7.82193833787722e-17,0.6331917629266217,2.971244011389955e-15,0.6331917629266217
6.406392119860081e-14,0.6344952801715411,6.253033944157207e-13,0.6344952801715411
4.3861945878652107e-14,0.6358020783718531,4.070669722749436e-13,0.6358020783718531
2.4276573243227363e-14,0.637112284575195,1.6399065357862401e-13,0.637112284575195
4.634179529667268e-14,0.6384257148820395,3.7544350391828193e-13,0.6384257148820395
1.6643134683784248e-15,0.6397426009589235,1.7047957301163935e-14,0.6397426009589235
4.876466479934445e-14,0.6410628628708652,3.7315508040583077e-13,0.6410628628708652
1.2613006219081778e-14,0.6423864195802317,1.4026329873072612e-13,0.6423864195802317
2.804012188496261e-15,0.643713505452351,4.183645088914798e-14,0.643713505452351
5.842345714199477e-15,0.6450439344115126,6.216683877013382e-14,0.6450439344115126
7.189282538898664e-15,0.646377836465736,8.90964534472821e-14,0.646377836465736
1.5038253193754696e-16,0.6477151301638998,2.8780821066729216e-15,0.6477151301638998
7.67919187122756e-15,0.6490559466776172,7.121962370713485e-14,0.6490559466776172
5.362261282236787e-14,0.6504002043521439,5.576328653291498e-13,0.6504002043521439
5.2764828430758e-14,0.6517480355425023,4.722849907522904e-13,0.6517480355425023
1.2837222245140202e-14,0.6530993583945804,1.2362725308308148e-13,0.6530993583945804
2.438872395077224e-16,0.6544541981818226,2.107138070067371e-15,0.6544541981818226
1.9097610056375645e-14,0.6558125804279311,1.9048030055876594e-13,0.6558125804279311
5.5438151014922446e-14,0.6571745309100026,5.635659734144692e-13,0.6571745309100026
8.311322002513422e-14,0.6585400756617118,8.445321110835836e-13,0.6585400756617118
7.700155487724648e-14,0.6599092409765417,7.588037770374275e-13,0.6599092409765417
3.3744772358831333e-14,0.6612820534110616,2.877552408813326e-13,0.6612820534110616
9.475089120390843e-15,0.6626584293340698,1.0318878382793524e-13,0.6626584293340698
1.2291872947457622e-14,0.6640385055547599,1.0402350570207025e-13,0.6640385055547599
3.7569871026892245e-14,0.6654221982385552,4.152149120820486e-13,0.6654221982385552
4.2946559263375176e-14,0.6668096454692404,3.534299266600142e-13,0.6668096454692404
1.8266729366734016e-14,0.6682007632138346,1.3505056169886668e-13,0.6682007632138346
6.997493940941345e-14,0.6695956908531198,7.380057018387107e-13,0.6695956908531198
2.2256322671632903e-14,0.6709942314608832,2.0000143598997508e-13,0.6709942314608832
1.2518491136631895e-14,0.6723965245917042,6.916309211548075e-14,0.6723965245917042
8.383805203848711e-15,0.6738027116048896,7.962845961493485e-14,0.6738027116048896
1.751397370698749e-14,0.675212594131718,1.2594816080875134e-13,0.675212594131718
3.155567110378329e-14,0.6766263137200719,3.5205531814877363e-13,0.6766263137200719
7.53490762404746e-14,0.678043899127709,7.356239415320324e-13,0.678043899127709
1.891517024843243e-14,0.6794653794081371,1.3159440241908547e-13,0.6794653794081371
2.0375699159386558e-14,0.680890668492052,2.3514372341796737e-13,0.680890668492052
1.994490077788639e-15,0.6823197948413475,1.784255531252559e-14,0.6823197948413475
5.914736265060796e-14,0.6837529034322157,5.927598804156015e-13,0.6837529034322157
1.1223874702803088e-14,0.6851899079013709,1.308270186269892e-13,0.6851899079013709
3.850578438296508e-14,0.6866308376087703,3.7508934245586184e-13,0.6866308376087703
4.1226478780353333e-17,0.6880757222191616,6.644814993253866e-16,0.6880757222191616
3.7570569047693656e-15,0.6895245917060663,2.2658046711214718e-14,0.6895245917060663
1.4523571560522098e-14,0.6909774763558257,1.6374473655441947e-13,0.6909774763558257
1.303666825248937e-16,0.6924344067717115,1.4897477972640747e-16,0.6924344067717115
3.869984690643709e-15,0.6938954138780942,2.0448030597784565e-14,0.6938954138780942
1.1952932192252169e-14,0.6953604094106446,1.2038875733177066e-13,0.6953604094106446
1.4304641371330053e-14,0.6968295436169075,1.8101453817382133e-13,0.6968295436169075
1.4765977723439277e-14,0.6983027280400342,9.784541562235932e-14,0.6983027280400342
2.6178955469874244e-15,0.6997799936396806,2.7325789019059712e-14,0.6997799936396806
5.557576157677087e-15,0.7012614929238181,3.4101208759207837e-14,0.7012614929238181
6.678916061015999e-14,0.7027471371561372,7.133513373412506e-13,0.7027471371561372
4.9753450968450896e-14,0.7042368362081292,5.255782288394965e-13,0.7042368362081292
3.592360259456547e-14,0.7057308661247575,3.5118291842381113e-13,0.7057308661247575
7.214162475822043e-14,0.7072291378989437,6.98441323441389e-13,0.7072291378989437
3.4555323267399626e-16,0.7087315611129799,7.149183065426417e-15,0.7087315611129799
2.7229954401266314e-14,0.7102382916393251,2.1009093330628384e-13,0.7102382916393251
5.573173229850779e-14,0.7117493631801576,4.726541059426233e-13,0.7117493631801576
5.4438214312020154e-14,0.7132646850376878,4.778244075664233e-13,0.7132646850376878
3.856578701299612e-14,0.7147842902808594,2.818696819743116e-13,0.7147842902808594
1.2688533174139894e-14,0.7163083380124853,1.0354398409280491e-13,0.7163083380124853
1.2601601673969814e-15,0.7178367372644875,1.1276708121647936e-14,0.7178367372644875
5.021620151604338e-14,0.7193695221991081,4.4412907346080703e-13,0.7193695221991081
1.1992670632693706e-14,0.7209067273501012,1.1817963185815475e-13,0.7209067273501012
7.678574267572335e-15,0.722448387627796,4.819192913834833e-14,0.722448387627796
2.925476357549608e-14,0.7239944103130143,2.1967029945351597e-13,0.7239944103130143
3.956586272772461e-15,0.7255450866315288,6.482743614152809e-14,0.7255450866315288
3.7528158051698096e-14,0.727100067184868,4.101631680493593e-13,0.727100067184868
5.249999693619743e-14,0.7286597738934579,4.141522952423008e-13,0.7286597738934579
3.026286540801087e-14,0.7302238552690336,2.1478861764860674e-13,0.7302238552690336
3.809102218485264e-14,0.7317926064955985,2.850008531759346e-13,0.7317926064955985
6.520409731615971e-14,0.7333659343291161,6.993238284818914e-13,0.7333659343291161
1.481331272349932e-15,0.7349440067788809,2.7691611653061864e-14,0.7349440067788809
4.172539702970116e-14,0.7365265985429565,3.423051907867783e-13,0.7365265985429565
5.3921125084427856e-14,0.7381138779553511,5.211932496402041e-13,0.7381138779553511
8.940215818949849e-14,0.7397058828571277,9.142712101025254e-13,0.7397058828571277
8.826323965271673e-15,0.7413025180996999,8.223627924964695e-14,0.7413025180996999
7.155853444542214e-14,0.7429039547706575,6.465440080241925e-13,0.7429039547706575
9.733085340188962e-14,0.744510097553232,1.0016870580611542e-12,0.744510097553232
7.20222504872865e-15,0.7461211194130647,8.063943877953217e-14,0.7461211194130647
4.535957453127664e-14,0.7477369248759502,4.461578209051164e-13,0.7477369248759502
1.775837493651086e-14,0.7493575528252847,2.0050469720785423e-13,0.7493575528252847
3.2660224682976795e-14,0.7509830425845321,2.225579097023609e-13,0.7509830425845321
3.9956554878506474e-14,0.7526135709788055,2.809374259961179e-13,0.7526135709788055
9.09303707565654e-17,0.7542487670643945,1.0858026345567039e-15,0.7542487670643945
1.317391674986553e-14,0.7558890826887872,1.1982510285038326e-13,0.7558890826887872
8.341228867405855e-15,0.7575342832758576,8.873634976433209e-14,0.7575342832758576
5.173351446850359e-15,0.7591845480234258,5.914484560133257e-14,0.7591845480234258
4.633827038670045e-16,0.7608397792583701,1.8041386134455752e-15,0.7608397792583701
3.67013020771885e-14,0.7625000178983554,3.0383611495274286e-13,0.7625000178983554
4.604144632353815e-14,0.7641654461994375,3.4435106325549827e-13,0.7641654461994375
2.525930634022489e-14,0.7658358248511185,2.0858362787788828e-13,0.7658358248511185
9.35661552572486e-16,0.7675114785055163,8.90372410363996e-16,0.7675114785055163
6.353422020473465e-15,0.769192166591217,6.694741319524831e-14,0.769192166591217
1.0169768754822363e-14,0.7708780738749288,1.0375043765717647e-13,0.7708780738749288
3.276090872125298e-15,0.7725691005010722,5.913667834483629e-14,0.7725691005010722
1.6525381996782134e-14,0.7742655776520205,1.0401846221811852e-13,0.7742655776520205
8.935695227704129e-15,0.7759671173574555,7.506418488017071e-14,0.7759671173574555
3.6747341078241913e-14,0.7776740524027331,3.0035765159590984e-13,0.7776740524027331
4.9773695878680663e-17,0.7793862826695529,3.5803245921183297e-16,0.7793862826695529
2.031336911263791e-14,0.7811038528381693,2.247818160779884e-13,0.7811038528381693
8.19998953273835e-14,0.7828268081158504,8.510319963577255e-13,0.7828268081158504
4.013739699741081e-14,0.7845550464137762,4.13400612963574e-13,0.7845550464137762
4.2488426139701994e-16,0.7862889090721337,1.1911964408845773e-14,0.7862889090721337
4.203252382178051e-14,0.7880281466501009,4.4054030138575394e-13,0.7880281466501009
2.308592622274706e-14,0.7897728046983161,2.268654523128319e-13,0.7897728046983161
2.847810312956984e-14,0.79152307958943,2.634342006734412e-13,0.79152307958943
7.039350887126287e-17,0.7932788689310466,5.710629286758299e-16,0.7932788689310466
4.6664608822328735e-15,0.7950402199360291,5.416097241394232e-14,0.7950402199360291
9.556045045995754e-16,0.7968071803836012,2.182912957841339e-14,0.7968071803836012
2.2867635963586645e-14,0.7985797986277924,1.508042523038408e-13,0.7985797986277924
6.347457978180886e-16,0.8003581236060352,1.3613480943216977e-14,0.8003581236060352
2.6040136732184437e-17,0.8021422048479087,2.5698238010826316e-15,0.8021422048479087
2.3183738081405893e-14,0.8039319377516505,2.3918075655310255e-13,0.8039319377516505
7.507450153774438e-15,0.805727371096434,8.553643647159756e-14,0.805727371096434
6.242243094612752e-16,0.807528710297842,4.426465883802958e-15,0.807528710297842
6.130309823114829e-14,0.8093358506090209,5.87253882279037e-13,0.8093358506090209
5.2404751929585915e-14,0.8111488426254648,5.149922961291821e-13,0.8111488426254648
2.4034174729984307e-15,0.8129677375618992,9.720002865194388e-15,0.8129677375618992
2.0232924700543866e-14,0.8147924285367407,2.3188388189033754e-13,0.8147924285367407
1.7354947057334896e-15,0.8166232847994837,7.590088077216828e-15,0.8166232847994837
1.7074670044713337e-15,0.8184600413381153,2.891819828201323e-14,0.8184600413381153
1.6325430995015633e-14,0.8203027498648845,1.5605157516982795e-13,0.8203027498648845
2.960881788079651e-16,0.8221514627303943,4.290993340243374e-15,0.8221514627303943
2.8476198658298523e-14,0.8240063951169745,3.7064588150681685e-13,0.8240063951169745
6.419796732684034e-16,0.8258674399110865,5.140374177739133e-16,0.8258674399110865
2.8086085725627186e-14,0.8277346514530064,3.47750281717172e-13,0.8277346514530064
7.40886931414657e-15,0.8296080847617615,4.389391530954915e-14,0.8296080847617615
3.9209703657844834e-16,0.8314877955456383,8.839181919388756e-15,0.8314877955456383
2.0875088788429174e-15,0.8333735086768832,6.396488981328248e-14,0.8333735086768832
2.2431477364025606e-14,0.8352659428815392,3.1716609334398793e-13,0.8352659428815392
2.1644189330726637e-14,0.8371644914423533,3.467240355875002e-13,0.8371644914423533
3.9860502365736913e-16,0.8390692084742756,3.105758127668726e-15,0.8390692084742756
4.891823692713168e-15,0.8409804862319943,4.3960933480614654e-14,0.8409804862319943
4.656229136046948e-14,0.8428980457564552,6.240127979489454e-13,0.8428980457564552
3.060866683935494e-14,0.8448222837540024,4.0064326492180935e-13,0.8448222837540024
7.733416761451588e-15,0.8467532617471579,1.49230079543532e-13,0.8467532617471579
1.23236498554278e-14,0.8486903549309255,9.505977951062996e-14,0.8486903549309255
2.5572711394611767e-14,0.8506343073297575,2.941105722725797e-13,0.8506343073297575
1.8543121090326183e-15,0.851608789187214,6.513675186806058e-14,0.851608789187214
1.8543121090326183e-15,0.851608789187214,6.513675186806058e-14,0.851608789187214
1.8543121090326183e-15,0.851608789187214,6.513675186806058e-14,0.851608789187214
1.8543121090326183e-15,0.851608789187214,6.513675186806058e-14,0.851608789187214
1.8543121090326183e-15,0.851608789187214,6.513675186806058e-14,0.851608789187214
1.8543121090326183e-15,0.851608789187214,6.513675186806058e-14,0.851608789187214
1.8543121090326183e-15,0.851608789187214,6.513675186806058e-14,0.851608789187214
1.8543121090326183e-15,0.851608789187214,6.513675186806058e-14,0.851608789187214
4.517267526879702e-14,0.5001000073638774,4.1283490204330537e-13,0.5001000073638774
6.201227915382262e-14,0.500200053012303,5.225683008539043e-13,0.500200053012303
3.923468671383754e-14,0.5003000934208394,3.60630927480417e-13,0.5003000934208394
1.1329718326523556e-16,0.5004001658718418,1.822334028898129e-15,0.5004001658718418
7.67590383390905e-14,0.5005002330881785,7.446050175822276e-13,0.5005002330881785
3.2888544187537613e-16,0.5006003696767464,5.1626074480461794e-15,0.5006003696767464
4.5379250116467715e-14,0.5007005010538178,4.339613323377622e-13,0.5007005010538178
7.621102794367705e-14,0.5008006272130542,7.279690635034426e-13,0.5008006272130542
3.323640192961789e-14,0.5009008228151872,2.7555583658165065e-13,0.5009008228151872
3.564353469357112e-14,0.5010010132227075,2.962766043875389e-13,0.5010010132227075
8.732360194113947e-14,0.5011011984292787,8.304586563759877e-13,0.5011011984292787
3.258148315466721e-14,0.5012014531495407,3.1543092059035845e-13,0.5012014531495407
7.42359731180089e-16,0.5013017026921288,4.049055881897636e-15,0.5013017026921288
6.16525308318156e-14,0.5014019470507076,5.099025794031936e-13,0.5014019470507076
3.6482936509276634e-15,0.5015022609939023,2.8619866064586725e-14,0.5015022609939023
1.3032164621628326e-14,0.5016025697764165,1.2282019443078606e-13,0.5016025697764165
5.675802416751627e-14,0.5017029107974158,5.492391496836418e-13,0.5017029107974158
6.872683565524208e-14,0.5018032466630871,6.15249429814627e-13,0.5018032466630871
5.5526270954567014e-14,0.5019036147906254,4.883339253799662e-13,0.5019036147906254
2.5188486801229436e-14,0.5020040152007536,2.3471904850030336e-13,0.5020040152007536
3.358312380511582e-16,0.5021044104726303,5.934747333554289e-15,0.5021044104726303
6.03839886696678e-14,0.5022048380505324,5.885561467646041e-13,0.5022048380505324
3.555416326963421e-15,0.5023052979552217,2.6727517140777125e-14,0.5023052979552217
7.208707828677648e-14,0.5024057902074786,6.142996415538146e-13,0.5024057902074786
1.2903882577114649e-14,0.5025062773503686,1.08138150292282e-13,0.5025062773503686
8.208659253388734e-17,0.5026067968643414,6.0907769828975715e-18,0.5026067968643414
2.104171173266158e-17,0.5027073112743854,5.346091654515649e-16,0.5027073112743854
2.543378174446187e-15,0.5028078580790556,2.9648474721823444e-14,0.5028078580790556
2.148317656256906e-14,0.5029084372991934,2.0212827127756174e-13,0.5029084372991934
8.401938175375307e-14,0.5030090489556582,7.979657567878401e-13,0.5030090489556582
1.88613659981862e-15,0.5031096555372437,1.9812119415709228e-14,0.5031096555372437
6.412598035818635e-14,0.5032102945787801,5.474403998633185e-13,0.5032102945787801
4.503408754210062e-15,0.5033109285509328,4.7959473207772096e-14,0.5033109285509328
4.726855938831467e-15,0.5034115950066879,3.0170246160067544e-14,0.5034115950066879
2.3830360344799937e-14,0.5035122939669661,1.920756289297673e-13,0.5035122939669661
3.6013376001495675e-14,0.5036130254527064,3.303820502509216e-13,0.5036130254527064
1.5683184228459988e-14,0.5037137518982796,1.3300973271679727e-13,0.5037137518982796
1.106208067497106e-16,0.5038145108930479,7.138541836517512e-16,0.5038145108930479
2.3823791822544138e-14,0.50391530245799,1.9280313655290252e-13,0.50391530245799
2.6687080578660823e-14,0.5040160890002068,2.460762581400753e-13,0.5040160890002068
2.2962917106932657e-14,0.5041169081363849,1.9710336739665945e-13,0.5041169081363849
2.59463129659576e-16,0.5042177222554203,2.8466154868217334e-16,0.5042177222554203
3.3622712058780276e-14,0.5043186066334757,3.2334213720572735e-13,0.5043186066334757
6.287275006187281e-14,0.5044194860182303,5.990950048513776e-13,0.5044194860182303
4.763874926988453e-14,0.5045203604033696,4.0077033650275825e-13,0.5045203604033696
3.439819059124795e-14,0.5046213051198324,3.4022716059838865e-13,0.5046213051198324
2.7934769442216265e-15,0.5047222448605772,3.509215706152651e-14,0.5047222448605772
3.224270881769095e-14,0.5048231796192914,3.077656447929032e-13,0.5048231796192914
2.886444700311574e-14,0.5049241847817656,2.925811924866873e-13,0.5049241847817656
2.6425956096290394e-14,0.5050251849861618,2.0782169846268119e-13,0.5050251849861618
1.6177954933776906e-16,0.505126180226169,2.7538906176500143e-15,0.505126180226169
1.8734831991738052e-14,0.5052272459425079,1.956821161509201e-13,0.5052272459425079
3.485430016690726e-14,0.5053283067184655,3.4948084061288443e-13,0.5053283067184655
1.8700853776644207e-14,0.5054293625477327,1.5523739274127693e-13,0.5054293625477327
7.50546691757544e-15,0.5055304889260379,8.32456795404916e-14,0.5055304889260379
3.9943024091314695e-15,0.5056316103817163,2.6500592389174223e-14,0.5056316103817163
7.240189903484903e-14,0.5057327269084609,6.170884320932479e-13,0.5057327269084609
3.7634352991019634e-16,0.5058339140570842,6.4443309266061115e-15,0.5058339140570842
6.340348530900879e-14,0.5059350963008925,5.999582756099401e-13,0.5059350963008925
3.889348305913391e-14,0.5060362736335815,3.8694387134737467e-13,0.5060362736335815
4.173183636210669e-15,0.5061375216611252,3.2942314935757367e-14,0.5061375216611252
1.0024508653220201e-15,0.5062387648017243,7.504457105804235e-15,0.5062387648017243
2.3600402231735428e-15,0.5063400408736278,1.4042224406398501e-14,0.5063400408736278
2.7270064601219347e-14,0.5064413120643938,2.4594084015419205e-13,0.5064413120643938
6.250033646060433e-14,0.5065426162106951,5.543911157030099e-13,0.5065426162106951
1.1424079243501231e-15,0.5066439533338759,1.2975691176381891e-14,0.5066439533338759
7.951282024240333e-14,0.5067452855938773,7.432361866887802e-13,0.5067452855938773
4.3711064274331776e-15,0.5068466508550452,4.854540851738521e-14,0.5068466508550452
9.989896000347257e-15,0.5069480491387651,8.697953258993877e-14,0.5069480491387651
2.7695013170496028e-14,0.5070494425773217,2.160235178809296e-13,0.5070494425773217
5.426374650386943e-14,0.5071509069611339,5.288348610850277e-13,0.5071509069611339
2.2529961342576486e-14,0.5072523286165473,1.809852266023431e-13,0.5072523286165473
4.53728805868196e-15,0.5073538212600884,4.681297753820744e-14,0.5073538212600884
1.3201086988933979e-14,0.5074553090887499,1.1412615000123127e-13,0.5074553090887499
5.490060710504592e-14,0.5075568300316056,5.260500658031685e-13,0.5075568300316056
9.434652725703616e-15,0.507658346165511,9.005988210318203e-14,0.507658346165511
1.0578942902498717e-14,0.5077598954380669,8.510669763846657e-14,0.5077598954380669
6.408975068938981e-14,0.5078614778707832,5.737609320076779e-13,0.5078614778707832
7.67337912507032e-14,0.5079630555127417,7.478247823453769e-13,0.5079630555127417
5.105734724197509e-14,0.5080647043211007,4.2362501830112733e-13,0.5080647043211007
6.500835605381532e-14,0.5578702287477636,5.773102557597252e-13,0.5578702287477636
3.519114511240928e-16,0.5579824686478052,7.856160254283588e-15,0.5579824686478052
5.2873127289357895e-14,0.5580947500758963,4.3228632755271897e-13,0.5580947500758963
1.6664512494380408e-14,0.5582070730615099,1.5390027087055607e-13,0.5582070730615099
1.1761409829362867e-15,0.5583194376341477,2.3248835826525622e-14,0.5583194376341477
2.775806428186284e-15,0.5584317580306137,2.1797625987205866e-14,0.5584317580306137
8.096899406126668e-16,0.5585441200264423,1.785760172482413e-15,0.5585441200264423
1.4724008408335077e-15,0.5586565236511796,2.6758219495205805e-14,0.5586565236511796
2.183568784671407e-14,0.5587689689343996,2.206958787533592e-13,0.5587689689343996
7.030791215003073e-14,0.5588814559057046,6.696789815022781e-13,0.5588814559057046
1.006778054513036e-15,0.5589938986850206,1.8929367190456113e-14,0.5589938986850206
8.766753814698093e-14,0.5591064690979781,9.024232749271437e-13,0.5591064690979781
7.363301524751322e-15,0.5592189953313986,4.2533239818778985e-14,0.5592189953313986
2.9795401167778908e-15,0.5593315633246619,5.3749343232117907e-14,0.5593315633246619
2.5066917200501102e-15,0.5594440871039685,1.4538376403155522e-14,0.5594440871039685
1.1130693748779445e-14,0.5595567386825733,1.2859016359822893e-13,0.5595567386825733
2.579878094777194e-16,0.5596693460597278,2.2468529393776586e-15,0.5596693460597278
1.341049395512471e-14,0.5597819952686842,1.3223139134999385e-13,0.5597819952686842
7.536519032157379e-14,0.5598946863392186,6.713559890360152e-13,0.5598946863392186
3.3475578541461755e-15,0.5600074193011362,4.3606554618881403e-14,0.5600074193011362
9.218807770886172e-14,0.5601201080397151,9.039011351593279e-13,0.5601201080397151
1.6373811714835989e-15,0.5602329248503722,4.467567698441803e-15,0.5602329248503722
6.062146177707604e-15,0.5603456974503132,7.181667004064075e-14,0.5603456974503132
2.366675647635781e-14,0.5604585120139716,2.5328797739024816e-13,0.5604585120139716
7.226377042639393e-15,0.5605712823324271,3.5935541747947976e-14,0.5605712823324271
5.832525812210799e-15,0.560684180889669,5.109070854485045e-14,0.560684180889669
5.935243987123846e-15,0.5607970352143857,8.201198344572653e-14,0.5607970352143857
2.896506530215362e-14,0.560910017885014,2.0103901343223675e-13,0.560910017885014
2.4404190681898288e-14,0.5610229563358559,2.849113576056001e-13,0.5610229563358559
5.1270792278412043e-14,0.5611358505260179,5.267974251966834e-13,0.5611358505260179
2.4035915635048735e-16,0.5612488731757552,3.3684746739678485e-15,0.5612488731757552
1.2697660997659314e-14,0.561361851577577,8.590148182457183e-14,0.561361851577577
7.301694735210875e-14,0.5614749585464243,7.724873832818667e-13,0.5614749585464243
8.010783248553699e-14,0.5615880212801809,8.39176552156197e-13,0.5615880212801809
2.2843001921608588e-14,0.5617010397378775,1.6366546185379787e-13,0.5617010397378775
6.34923404400141e-15,0.5618141868766328,5.959435594826663e-14,0.5618141868766328
1.8618083232207236e-14,0.5619272897521788,2.1608929639708152e-13,0.5619272897521788
7.39590020666374e-14,0.5620405214165598,7.561523071667028e-13,0.5620405214165598
8.03025050502738e-16,0.5621537088306441,1.3389740729452802e-15,0.5621537088306441
3.73685467762283e-14,0.562266938547444,4.234446891337501e-13,0.562266938547444
8.62328339963928e-14,0.5623801239793659,8.141340794965437e-13,0.5623801239793659
2.436286726539839e-14,0.562493438368568,1.6962218188727908e-13,0.562493438368568
2.66183297186806e-14,0.5626067084858609,2.2071578009010265e-13,0.5626067084858609
4.5035755219475566e-14,0.5627200209793753,3.9194177064681315e-13,0.5627200209793753
6.789460219850556e-14,0.5628333758794319,6.576491407597515e-13,0.5628333758794319
6.203423558714041e-16,0.5629466864794707,6.645050400849547e-17,0.5629466864794707
2.2511499122968826e-14,0.5630601262598346,1.9585769865358275e-13,0.5630601262598346
8.872886938901581e-15,0.5631735217532374,6.239723214788224e-14,0.5631735217532374
7.140403427912549e-14,0.5632869597269848,7.174698450000076e-13,0.5632869597269848
1.1408632272591805e-14,0.5634004402115023,1.2295713108978472e-13,0.5634004402115023
1.369416807112842e-16,0.5635139632372439,2.2885522756737614e-15,0.5635139632372439
2.0549354255566303e-16,0.5636274419544953,1.0360400546340436e-14,0.5636274419544953
4.189453238286458e-16,0.5637410501302358,1.0234880496982158e-14,0.5637410501302358
7.964029112271049e-15,0.563854614010663,5.947184532177221e-14,0.563854614010663
5.796130441780746e-14,0.5639682205065051,4.712649770845967e-13,0.5639682205065051
7.153074021409657e-16,0.5640817826723554,1.812205347271959e-16,0.5640817826723554
4.3398986229794156e-14,0.5641954744667587,3.895814738160742e-13,0.5641954744667587
5.957417402159559e-16,0.5643091219444053,1.4226186306378696e-14,0.5643091219444053
1.386254741242386e-14,0.5644228121118682,8.304063972417639e-14,0.5644228121118682
4.7586541696594794e-14,0.564536544999782,3.5790354733977296e-13,0.564536544999782
8.209278509623077e-14,0.564650320638813,7.726065141497634e-13,0.564650320638813
8.633440428743641e-14,0.564764139059655,8.587874242545296e-13,0.564764139059655
2.7686917789741476e-14,0.5648779131490002,2.446667958590065e-13,0.5648779131490002
7.247956631420157e-18,0.5649917300335129,1.1889068639508698e-15,0.5649917300335129
4.5541632354875267e-14,0.5651055897439353,4.363344410908731e-13,0.5651055897439353
7.034772028617689e-14,0.5751108154172635,6.601556424694233e-13,0.5751108154172635
4.2356294950216396e-14,0.5752270293483801,3.070415417559327e-13,0.5752270293483801
7.331039709194547e-14,0.575343198709039,7.083286977281559e-13,0.575343198709039
2.1472089170554342e-14,0.575459412866138,2.1517456203854887e-13,0.575459412866138
3.149833588204908e-16,0.5755756718524512,2.6586339136978365e-17,0.5755756718524512
5.525755196085531e-14,0.5756918862405933,4.3963315816728755e-13,0.5756918862405933
8.610337065643251e-17,0.5758082349585366,1.356758757587898e-16,0.5758082349585366
2.67169100924044e-14,0.5759245390934941,2.4744525584845734e-13,0.5759245390934941
6.98791344983468e-14,0.5760408881385177,6.231994785019644e-13,0.5760408881385177
2.944632217718893e-14,0.5761572821264986,2.359103437562991e-13,0.5761572821264986
4.942847753606762e-14,0.5762736315038027,5.277255610918777e-13,0.5762736315038027
4.3886459610425046e-14,0.5763901154511841,3.654527780384023e-13,0.5763901154511841
4.853600332845837e-14,0.5765065548031769,4.2805470757726655e-13,0.5765065548031769
2.4779998935715548e-15,0.5766230391793152,1.989477647019015e-14,0.5766230391793152
2.5800028000477797e-14,0.5767395686126072,2.1416293270009335e-13,0.5767395686126072
2.106515982671748e-15,0.5768560534228436,4.920156897960868e-15,0.5768560534228436
5.963823513257529e-14,0.5769726730442151,5.108610624903624e-13,0.5769726730442151
1.378484009908239e-14,0.5770892480579226,1.3171492514807908e-13,0.5770892480579226
9.269440059972794e-16,0.5772058682103103,1.0316632485690537e-14,0.5772058682103103
